      { 
          "activity" : 
          [
              {
                  "id" : "2dra7wqcyup"
                  ,"activityType" : "email"
                  ,"companyId" : "1or2ab05imf"
                  ,"accountId" : ""
                  ,"dateScheduled" : ""
                  ,"notes" : ""
                  ,"status" : "pending"
                  ,"dateCreated" : "2019-02-25T08:22:15.648Z"
                  ,"dateUpdated" : "2019-02-25T08:22:15.648Z"
              }
          ]
       }
    